{
  "assetsByChunkName": {
    "vendors~app-account~app-confirmation~app-order": [
      "chunk.af10aba1fddfb0a501b8.js",
      "chunk.af10aba1fddfb0a501b8.js.map"
    ],
    "vendors~app-account~app-checkout": [
      "chunk.3072a1d2ee30dfe556ae.js",
      "chunk.3072a1d2ee30dfe556ae.js.map"
    ],
    "vendors~app-cart~app-checkout": [
      "chunk.7f6d188b31440ad45789.js",
      "chunk.7f6d188b31440ad45789.js.map"
    ],
    "admin": [
      "admin.d09d998f2df8e598d8a5.js",
      "admin.d09d998f2df8e598d8a5.js.map"
    ],
    "app-account": [
      "chunk.c09798b7c97e497cdd7c.js",
      "chunk.c09798b7c97e497cdd7c.js.map"
    ],
    "app-cart": [
      "chunk.fe5e1bb1aac66f3bf41d.js",
      "chunk.fe5e1bb1aac66f3bf41d.js.map"
    ],
    "app-confirmation": [
      "chunk.d934c1b595ce2e02a084.js",
      "chunk.d934c1b595ce2e02a084.js.map"
    ],
    "app-order": [
      "chunk.73c4257cbfee6ea3fe7f.js",
      "chunk.73c4257cbfee6ea3fe7f.js.map"
    ],
    "checkout": [
      "checkout.9e7c681ceab26a0f8d55.js",
      "checkout.9e7c681ceab26a0f8d55.js.map"
    ],
    "storefront": [
      "storefront.0de28a857120507a3f7b.css",
      "storefront.b9b63ecec5256e86e2dd.js",
      "storefront.0de28a857120507a3f7b.css.map",
      "storefront.b9b63ecec5256e86e2dd.js.map"
    ],
    "vendors~app-checkout": [
      "chunk.b511ce85626460e2388a.js",
      "chunk.b511ce85626460e2388a.js.map"
    ]
  }
}